id,name
caf746c9-37c1-4f68-a91b-48a94a72f853,Bailey Bergnaum and Botsford
78327a1e-2fe1-44ee-9cb2-4b5f6fadd784,Volkman-Maggio
d473d334-97c2-440d-aa51-5b3af00ff5bb,Gutkowski-Shields
6f0b4ac9-570e-424a-84b2-1c67fb7d94c3,Strosin-DuBuque
9c2c5534-e64b-419b-8ffe-bf2ca8b3960e,Lowe-Bins
e8644279-4d45-4e52-acc0-16e9e07273fb,Powlowski-Hodkiewicz
005d9f53-a4ef-41ab-8cc1-557833a84b2f,Bogan Gerhold and Purdy
bcb3372f-b5fc-4bf0-ae5a-940a1d02b80b,Wilderman-Watsica
18cfe06f-526e-4f92-883f-576a62a6a81b,Friesen-Hamill
8d285d27-0b1c-4113-8a90-c9a96669b4e8,Bailey and Sons
8912cee3-f329-4dfc-9f4b-06bfd225de2a,VonRueden-Kerluke
3f79308e-01ce-43e6-b3f1-b99fb0f3d069,Christiansen and Sons
85531aea-056d-402e-b5c2-95e056d0fabc,Flatley-Emard
d5fa4db5-896a-4938-bfb2-50aeaa5ce4be,Raynor Keebler and Farrell
f26c0a99-0b95-4e39-a48a-b39c160efe93,Pfeffer Inc
a9ef6fff-bb0c-4cb0-9523-c3835e6d90df,Feeney West and Fay
844a5048-0682-40c2-b1ad-1db92c31b0bf,Heathcote and Sons
8bf06db1-7f97-4a81-a0c4-f36622394793,Frami-Hickle
d6b4df20-b3c1-4fb6-82e6-85060d95d787,Hyatt Lesch and Gerhold
3d13a494-03ca-490d-97fb-b4838ef555b8,Bernhard Group
5ebf331b-b851-4ad9-8559-bc0f1bd71df1,Gleason Group
f93a4092-2f2b-4e36-b92c-4f21a1357ea6,Ledner Senger and Green
67ba52fc-738d-442f-93e4-ecbb617026fc,Johnston LLC
22ac07e4-aa51-4a77-b772-abfb96782f45,Mayer and Sons
d7ff37d2-8391-4827-958a-74878adaeb7c,Willms Pfannerstill and Kiehn
ba9247a7-9537-43d7-afe7-65c3e6a83ffe,Kulas-Dicki
e7198ad3-deae-43c4-8bb3-71fc6cbfcc08,Aufderhar-Kuphal
c53c6609-8a3c-4c0c-b5bb-210a2bfb0fe8,OConner Nienow and Morissette
ed5a3bd7-bc2e-44f8-b6bb-70cf2aef625b,Bogisich Stokes and Bergnaum
b260442f-fae0-4e03-a277-3caedb684a98,Gutkowski and Sons
dcfc173d-3565-4856-a481-742453a2162a,Roob Inc
ad8e6d99-735c-46b4-8d8c-368e2bcd4261,Grimes-Stiedemann
46c79eed-b504-43c2-9b13-719dba47c40c,Towne-Abbott
efb8251b-3501-4f01-b898-9713821b5b81,Nitzsche Group
0b92f480-6765-4a71-bbf0-8a4c3b086258,Stamm Group
311e1fd5-e598-4b92-81ae-da9f6984566c,Howe and Sons
e4c8d10a-a631-4707-a641-3ef7290e27f0,Hoeger Inc
83732a3d-a53f-4604-af1b-fd1a11eb9318,Kovacek Brekke and Wisozk
92543c88-dd2c-4cc2-b955-099920999b31,Swift OConner and Mante
741f5511-3b30-46b7-bfb1-34a94bfc8807,Lesch LLC
26f7bb5c-f7f6-423d-a2ae-81be48f3ca26,Schimmel Halvorson and Kassulke
88e88acd-98ba-4e7d-bc3e-a8936520ba0b,Schaden Turner and Boyle
5b14c536-79b0-40ec-9aee-73b4d5834061,Robel Collier and Considine
7595b13e-633b-44c4-ae87-cc9e609a5939,OConner Prosacco and Ernser
53a454ae-3b69-4974-8b98-8ae8ba799c80,Labadie Marks and Doyle
1803961d-e0c2-447e-a3a4-3b94549b89ba,Nikolaus-Klein
0cd6ca17-2277-4767-9100-015c9b96223f,Swaniawski LLC
79ae18ca-fe19-4af4-82fc-97299a57eb10,Daugherty-Conroy
184765f8-06c9-4646-86c3-c09cdfaf1df1,Grant Inc
7f6493a5-cc20-4247-aa02-1d2780891832,Weissnat Labadie and Boyer